<Document>
# Атмосфера

Настройка атмосферы необходима для вашего комфортортного долгосрочного пребывания на станции, но зачастую никак не описана, что приводит к тому, что настроить её довольно сложно. Ниже предпринята попытка охватить основы.

## Стандартная смесь
Дыхание чистым O2 или чистым N2, как правило, вредно для здоровья экипажа, поэтому рекомендуется использовать смесь [color=#a4885c]78% N2 и 22% O2 при 101,24 кПа.[/color] Рекомендуется настроить ваш газовый смеситель на выход не менее 1000 кПа для более быстрого восстановления давления в помещениях.<Box>
<GuideEntityEmbed Entity="OxygenCanister"/>
<GuideEntityEmbed Entity="NitrogenCanister"/>
<GuideEntityEmbed Entity="AirCanister"/>
</Box>
Вариации этой смеси могут быть необходимы для комфортного долгосрочного пребывания нетипичных членов экипажа, например, членов экипажа, которым для выживания требуется плазменная газовая смесь. Рекомендуется создать для нетипичных членов экипажа отдельное пространство, изолированное шлюзом либо отсеком для удаления газов. Помните, что оба метода негерметичны, и вам понадобятся скрубберы по обе стороны шлюза, чтобы удалять любые просочившиеся газы.
<Box>
<GuideEntityEmbed Entity="PlasmaCanister"/>
<GuideEntityEmbed Entity="StorageCanister"/>
</Box>
## Вентиляция и скрубберы
Вентиляторы и скрубберы — это ключевые устройства для поддержания атмосферы, соответственно наполняющие и очищающие отсеки газами. Они могут быть перенастроены путем установки воздушной сигнализации, что позволит вам изменять их стандартные настройки. По умолчанию они настроены на заполнение помещений до стандартного давления (101,24 кПа) и на удаление из помещения всех газов, не являющихся O2/N2.
<Box>
<GuideEntityEmbed Entity="GasVentPump"/>
<GuideEntityEmbed Entity="GasVentScrubber"/>
</Box>
При нормальной работе, если вентиляция обнаруживает, что окружающая среда представляет собой космос, она автоматически прекращает работу до момента возникновения минимального давления, чтобы избежать утечки в него всего газа. Снова её включить можно повысив давление в отсеке до минимального, выпустив канистру газа (возможно даже несколько, если помещение большое).

Если вы столкнулись с ситуацией, когда скрубберы не могут очистить воздух в помещении достаточно быстро, воспользуйтесь портативными скрубберами, подтащив их к месту загрязнения и закрепив их гаечным ключом. Они работают гораздо быстрее, чем обычные скрубберы, и могут довольно быстро очистить воздух помещения. При больших загрязнениях может потребоваться использование нескольких таких устройств.
<Box>
<GuideEntityEmbed Entity="PortableScrubber"/>
</Box>
## Справка
- Стандартная атмосферная смесь это [color=#a4885c]78% N2 и 22% O2 при 101.24kPa.[/color]
- Газы подчиняются реальной математике. Используя уравнение состояния идеального газа "PV = nRT" (Давление кПа * объём газа л. = моль * R (универсальная газовая постоянная) * температура K) для получения необходимой информации о газе. R составляет приблизительно 8.31446.

</Document>
