<Document>
# Инженерное дело

Инженерное дело - это комбинация работа по строительству, ремонту, обслуживанию машин смерти, которые ещё и энергию производят; а также забота о том, чтобы на станции был пригодный для дыхания воздух.

## Инструментарий
<Box>
<GuideEntityEmbed Entity="Wrench"/>
<GuideEntityEmbed Entity="Crowbar"/>
<GuideEntityEmbed Entity="Screwdriver"/>
<GuideEntityEmbed Entity="Wirecutter"/>
</Box>
<Box>
<GuideEntityEmbed Entity="Welder"/>
<GuideEntityEmbed Entity="Multitool"/>
</Box>
Ваш основной инструментарий пусть небольшой, но разнообразный. Если вы инженер, то вам следует носить его в специальном поясе для инструментов. Если у вас такового нет, вы можете поискать один в шкафчиках в техтуннелях или в хранилище инструментов на станции, среди торгоматов и ящиков для инструментов.

Большинство задач имеют пояснения как их выполнять, которые видно при осмотре объекта. Например, если вы строите стену, её осмотр подскажет вам следующий шаг.

</Document>