<Document>
# Шаттлостроение

Строительство шаттла — занятие простое и легкое, хотя и довольно хлопотное по ресурсам и времени. Оно отлично подойдёт тем, у кого много свободного времени и кому хочется вызова.

## С чего начать
<Box>Без чего никак:</Box>
<Box>
<GuideEntityEmbed Entity="Thruster"/>
<GuideEntityEmbed Entity="Gyroscope"/>
<GuideEntityEmbed Entity="ComputerShuttle"/>
<GuideEntityEmbed Entity="SubstationBasic"/>
<GuideEntityEmbed Entity="GeneratorPlasma"/>
</Box>
<Box>
<GuideEntityEmbed Entity="CableHVStack"/>
<GuideEntityEmbed Entity="CableMVStack"/>
<GuideEntityEmbed Entity="CableApcStack"/>
<GuideEntityEmbed Entity="APCBasic"/>
</Box>

<Box>Опционально:</Box>
<Box>
<GuideEntityEmbed Entity="AirCanister"/>
<GuideEntityEmbed Entity="LightTube"/>
<GuideEntityEmbed Entity="AirlockGlassShuttle"/>
<GuideEntityEmbed Entity="SMESBasic"/>
</Box>
<Box>
<GuideEntityEmbed Entity="MobCorgiIan"/>
<GuideEntityEmbed Entity="NuclearBomb"/>
</Box>

Возьмите стальные листы, металлические стержни, и выдвигайтесь в космос. Как только вы окажетесь в трех или более тайлах от станции, возьмите стержни в руку и кликните на пространство под собой или рядом. Это разместит в пространстве решетку, которую затем с помощью стальных листов можно будет превратить в пол. Расширяйте решётку, кликая стержнями в руке рядом с краем уже имеющейся решётки.

Как только вы разместите решётки в нужной форме, притащите ракетные двигатели и установите их по краям. Для работы они должны быть направлены в космос, а плитка перед ними не должна быть занята. Установите гироскоп где посчитаете нужным, и используйте генератор и подстанцию для организации электропитания. Проведите СВ провод от подстанции, постройте над ним стену, и разместите на ней ЛКП, который будет снабжать питанием приборы на шаттле.

Наконец, установите консоль управления шатлом, и убедитесь что все двигатели и гироскопы получают питание. Если всё так — наши поздравления! У вас получился работоспособный шаттл. Сделать его пригодным для жизни и красивым предлагается читателю самому в качестве упражнения.

</Document>