<Document>
# Аномалистика

Аномалистика - это подразделение научного отдела, занимающееся сдерживанием и манипулированием различными уникальными аномалиями.

## Оборудование
<Box>
<GuideEntityEmbed Entity="AnomalyScanner"/>
<GuideEntityEmbed Entity="MachineAnomalyVessel"/>
<GuideEntityEmbed Entity="MachineAPE"/>
</Box>

Сканеры, сосуды и М.А.К.А.К.и используются для локализации и наблюдения за аномалиями.

<Box>
<GuideEntityEmbed Entity="MachineAnomalyGenerator"/>
</Box>

Генератор аномалий, затратив некоторое количество плазмы, может создать случайную аномалию в произвольном месте на станции.

## Аномалии
Аномалии - это статичные объекты, появляющиеся на станции. Их нельзя перемещать, и с ними приходится работать вне зависимости от их местоположения.

<Box>
<GuideEntityEmbed Entity="AnomalyPyroclastic"/>
</Box>

Каждая аномалия имеет три основных параметра, два из которых можно увидеть при сканировании аномалии:

- [color=#a4885c]Опасность:[/color] Это числовое значение, соответствующее опасности аномалии.
- [color=#a4885c]Стабильность:[/color] Отображается как распад, стабильность или рост; этот параметр показывает, насколько часто и сильно будут проявляться эффекты.
- [color=#a4885c]Здоровье:[/color] Здоровье является скрытым параметром. Оно уменьшается когда вы используете на аномалии [color=#a4885c]сдерживающие частицы[/color]. Если вы используете их слишком много, аномалия исчезнет.

## Импульсы и сверхкритические события
Наиболее опасные эффекты аномалий наблюдаются во время [color=#a4885c]импульсов[/color] и [color=#a4885c]сверхкритических событий[/color].

Импульсы - это полурегулярные всплески аномальных эффектов. Они умеренно опасны и зависят от степени опасности и стабильности аномалии.

Сверхкритические события наблюдаются только в том случае, если аномалия достигает 100% уровня опасности. В этом случае аномалия начинает разрастаться, а затем исчезает, вызывая катастрофические последствия. Их следует избегать любой ценой!

</Document>
