<Document>
# Научный отдел

Научный отдел, часто именуемый "РнД", занимается заработком очков исследований, используемых для изучения новых технологий, которые в свою очередь позволяют создавать полезные для станции предметы на различных станках, принтерах, и фабрикаторах.

## Технологии
<Box>
<GuideEntityEmbed Entity="ComputerResearchAndDevelopment"/>
<GuideEntityEmbed Entity="ResearchAndDevelopmentServer"/>
</Box>
Самыми важными устройствами вашего отдела являются сервер РнД, на котором хранятся все изученные технологии, и исследовательская консоль, который позволяет вам эти технологии открывать.

Каждая технология стоит определённое число [color=#a4885c]Очков исследований[/color], и их изучение открывает новые рецепты для печати на производственных станках. Некоторые технологии нельзя разблокировать, не изучив технологии им предшествующие.

## Lathes
<Box>
<GuideEntityEmbed Entity="Protolathe"/>
<GuideEntityEmbed Entity="CircuitImprinter"/>
</Box>
<Box>
<GuideEntityEmbed Entity="ExosuitFabricator"/>
<GuideEntityEmbed Entity="MedicalTechFab"/>
</Box>
Воспользовавшись производственным станком (например, протолатом или принтером схем), вы можете синхронизировать его с сервером РнД, чтобы разблокировать новые рецепты для печати. Печать требует различные материалы (сталь, стекло, пластик, золото, или плазму), которые можно заказать в отделе снабжения или попросить у утилизаторов.

</Document>
