<Document>
# Ксеноархеология
Ксеноархеология - это подразделение научного отдела, занимающееся исследованиями и экспериментами над инопланетными артефактами.

## Артефакты
<Box>
<GuideEntityEmbed Entity="SimpleXenoArtifact" Caption=""/>
<GuideEntityEmbed Entity="SimpleXenoArtifactItem" Caption=""/>
</Box>
Артефакты представляют собой случайно сгенерированные структуры-графы. Они состоят из узлов, соединенных друг с другом краями, обход которых является главной целью ученых, работающих над ними.

Каждый узел состоит из двух основных компонентов: [color=#a4885c]стимула[/color] и [color=#a4885c]реакции[/color]. Стимул - это внешнее поведение, которое вызывает реакцию. У одних реакций эффект мгновенный, а другие могут вызывать постоянные изменения. Срабатывание реакции вызывает перемещение артефакта к одному из краёв узла.

Опираясь на эти базовые принципы, вы можете понять, как связаны между собой различные узлы артефакта и как можно перемещаться между ними, многократно активируя узлы. 

Хотя неподготовленному наблюдателю все может показаться хаотичным, опытный ученый может научиться понимать внутреннюю структуру любого артефакта.

## Анализатор артефактов и аналитическая консоль
<Box>
<GuideEntityEmbed Entity="MachineArtifactAnalyzer"/>
<GuideEntityEmbed Entity="ComputerAnalysisConsole"/>
</Box>
Главными инструментами, которым вы будете пользоваться занимаясь ксеноархеологией, являются [color=#a4885c]анализатор артефактов[/color] и [color=#a4885c]аналитическая консоль[/color]. С их помощью можно создавать отчеты, содержащие ценную информацию об артефактах. 

Чтобы всё настроить, достаточно связать их с помощью мультитула, положить артефакт на анализатор, и нажать кнопку [color=#a4885c]Сканировать[/color].

При помощи консоли вы можете уничтожить артефакт навсегда в обмен на очки исследований. Это необратимое действие, поэтому не забудьте уточнить у своего отдела, все ли исследования артефакта были завершены.

</Document>
